{
    "model:advanced": {
        "nonstationary": {
            "snr:-10": {
                "PESQn": 1.8914323622404143,
                "PESQw": 1.3281884754812994,
                "time": 172
            },
            "snr:-15": {
                "PESQn": 1.6278260121511858,
                "PESQw": 1.184213604344878,
                "time": 172
            },
            "snr:-5": {
                "PESQn": 2.2097274473933286,
                "PESQw": 1.5623602582964786,
                "time": 172
            },
            "snr:0": {
                "PESQn": 2.566793795914678,
                "PESQw": 1.8388206129185638,
                "time": 171
            },
            "snr:10": {
                "PESQn": 3.321233856747722,
                "PESQw": 2.652175460642541,
                "time": 171
            },
            "snr:15": {
                "PESQn": 3.694618929199308,
                "PESQw": 3.2079488450323628,
                "time": 171
            },
            "snr:5": {
                "PESQn": 2.933220406024777,
                "PESQw": 2.1868333481905755,
                "time": 171
            }
        },
        "stationary": {
            "snr:-10": {
                "PESQn": 1.2974239504614542,
                "PESQw": 1.0542133679223615,
                "time": 172
            },
            "snr:-15": {
                "PESQn": 1.2155274166617283,
                "PESQw": 1.0379701048828835,
                "time": 172
            },
            "snr:-5": {
                "PESQn": 1.467653934345689,
                "PESQw": 1.1118854596171268,
                "time": 172
            },
            "snr:0": {
                "PESQn": 1.7112309165865358,
                "PESQw": 1.2394135353858011,
                "time": 171
            },
            "snr:10": {
                "PESQn": 2.3681164059722635,
                "PESQw": 1.7677077487198234,
                "time": 171
            },
            "snr:15": {
                "PESQn": 2.726458329206322,
                "PESQw": 2.1140409213060525,
                "time": 171
            },
            "snr:5": {
                "PESQn": 2.0268681272428637,
                "PESQw": 1.4649434375484087,
                "time": 171
            }
        }
    },
    "model:basic": {
        "nonstationary": {
            "snr:-10": {
                "PESQn": 1.7608359705570131,
                "PESQw": 1.2833968054416567,
                "time": 172
            },
            "snr:-15": {
                "PESQn": 1.5732044743937115,
                "PESQw": 1.1832469958205556,
                "time": 172
            },
            "snr:-5": {
                "PESQn": 2.055820659149525,
                "PESQw": 1.4811628835145818,
                "time": 172
            },
            "snr:0": {
                "PESQn": 2.396592010531509,
                "PESQw": 1.7382421751468502,
                "time": 171
            },
            "snr:10": {
                "PESQn": 3.1633918808217634,
                "PESQw": 2.4925264789347064,
                "time": 171
            },
            "snr:15": {
                "PESQn": 3.5585743349198014,
                "PESQw": 3.013764603096142,
                "time": 171
            },
            "snr:5": {
                "PESQn": 2.764017308664601,
                "PESQw": 2.0620678983933742,
                "time": 171
            }
        },
        "stationary": {
            "snr:-10": {
                "PESQn": 1.2281318674253863,
                "PESQw": 1.0419285941955656,
                "time": 172
            },
            "snr:-15": {
                "PESQn": 1.165323553390281,
                "PESQw": 1.0335250385971957,
                "time": 172
            },
            "snr:-5": {
                "PESQn": 1.3692603603351947,
                "PESQw": 1.0833015407240667,
                "time": 172
            },
            "snr:0": {
                "PESQn": 1.5832062785388434,
                "PESQw": 1.1845216869610793,
                "time": 171
            },
            "snr:10": {
                "PESQn": 2.2017643960595827,
                "PESQw": 1.6404971218945688,
                "time": 171
            },
            "snr:15": {
                "PESQn": 2.5594701962164272,
                "PESQw": 1.9601007239860402,
                "time": 171
            },
            "snr:5": {
                "PESQn": 1.8724290913308572,
                "PESQw": 1.3755910222293342,
                "time": 171
            }
        }
    }
}